{"val_per_image_iou":0.07003595679998398,"train_dataset_iou":0.8057479858398438,"_step":39,"_wandb":{"runtime":158},"_timestamp":1.7415718883979836e+09,"_runtime":157.359468529,"val_dataset_iou":0.0658821240067482,"lr":0.005000000000000012,"val_loss":0.8870339393615723,"train_loss":0.12478524446487427,"train_per_image_iou":0.7956714034080505}