{"val_dataset_iou":0.5143506526947021,"lr":0.000488498281329361,"_step":0,"train_dataset_iou":0.44530224800109863,"train_per_image_iou":0.4497244656085968,"_wandb":{"runtime":10},"val_per_image_iou":0.5143383145332336,"_timestamp":1.7415742853543105e+09,"_runtime":3.557008021,"train_loss":0.357479453086853,"val_loss":0.4349111318588257}