{"train_per_image_iou":0.9011667370796204,"lr":0.0005000000000000009,"train_loss":0.06433367729187012,"val_loss":0.09823012351989746,"val_per_image_iou":0.8411763310432434,"train_dataset_iou":0.9033310413360596,"_runtime":180.084432682,"val_dataset_iou":0.8386132121086121,"_step":39,"_timestamp":1.7415745177193596e+09,"_wandb":{"runtime":337}}