{"val_loss":0.08985167741775513,"val_dataset_iou":0.835399329662323,"train_loss":0.044214606285095215,"val_per_image_iou":0.8374320864677429,"train_dataset_iou":0.9167101383209229,"lr":9.886633714999992e-05,"_runtime":146.516127083,"_timestamp":1.7415734169903846e+09,"train_per_image_iou":0.9159711599349976,"_wandb":{"runtime":287},"_step":39}