{"val_dataset_iou":0.8576610088348389,"val_per_image_iou":0.8606529235839844,"lr":0.0005000000000000009,"train_loss":0.07099950313568115,"_runtime":97.594874344,"_timestamp":1.7415748257884936e+09,"val_loss":0.09679931402206421,"train_dataset_iou":0.9140468835830688,"_step":39,"_wandb":{"runtime":97},"train_per_image_iou":0.9117130041122437}